{
	"id": "fee6b68d-7fae-4179-ac73-75ad60a23d9f",
	"name": "carsale_env",
	"values": [
		{
			"key": "url_admin",
			"value": "",
			"enabled": true
		},
		{
			"key": "url_client",
			"value": "",
			"enabled": true
		},
		{
			"key": "token_admin",
			"value": "",
			"enabled": true
		},
		{
			"key": "token_user",
			"value": "",
			"enabled": true
		},
		{
			"key": "url_auth_client",
			"value": "",
			"enabled": true
		},
		{
			"key": "url_web_api",
			"value": "",
			"enabled": true
		},
		{
			"key": "url_auth_web_api",
			"value": "",
			"enabled": true
		}
	],
	"_postman_variable_scope": "environment",
	"_postman_exported_at": "2022-06-02T22:06:21.882Z",
	"_postman_exported_using": "Postman/8.11.1"
}